,2016,2017,2018
0,MAS.N,ISRG.O,EFX.N
1,MNST.O,XYL.N,ROK.N
2,LKQ.O,CTXS.O,SRCL.O
3,HBI.N,HRL.N,HRL.N
4,VRSK.O,TSS.N,CTAS.O
5,REGN.O,HII.N,HBI.N
6,MCHP.O,AIV.N,XYL.N
7,CERN.O,TROW.O,PWR.N
8,ADSK.O,WCG.N,CERN.O
9,CTXS.O,FMC.N,HP.N
10,HSY.N,PKG.N,QRVO.O
11,PKG.N,GWW.N,HII.N
12,COG.N,RL.N,TSS.N
13,XEC.N,CERN.O,FRT.N
14,PWR.N,HSY.N,MAT.O
15,WCG.N,DRI.N,PKG.N
16,TIF.N,YUM.N,RL.N
17,MCO.N,FRT.N,PKI.N
18,TROW.O,PWR.N,AIV.N
19,FLS.N,MCO.N,VRSK.O
20,SNPS.O,ROST.O,CHD.N
21,INTU.O,SNPS.O,KEYS.N
22,FRT.N,MAS.N,TPR.N
23,ISRG.O,FBHS.N,CTXS.O
24,FBHS.N,COG.N,GWW.N
25,ROST.O,TIF.N,ISRG.O
26,KLAC.O,HAS.O,ROST.O
27,XLNX.O,KLAC.O,EW.N
28,NFX.N,TPR.N,HSY.N
29,HAS.O,ADSK.O,KLAC.O
30,TPR.N,XLNX.O,FBHS.N
31,XYL.N,SNA.N,MAS.N
32,DRI.N,FLS.N,DRI.N
33,EFX.N,WAT.N,TIF.N
34,MKC.N,MKC.N,RHT.N
35,GRMN.O,VRSK.O,SNPS.O
36,SNA.N,BF_B.N,WAT.N
37,COO.N,RHT.N,YUM.N
38,XRAY.O,GRMN.O,HAS.O
39,WAT.N,CLX.N,SEE.N
40,CHD.N,EW.N,CBOE.BAT
41,REG.O,REG.O,ILMN.O
42,AKAM.O,COO.N,SNA.N
43,BF_B.N,AVY.N,AVY.N
44,PKI.N,AKAM.O,XLNX.O
45,CLX.N,CHD.N,XEC.N
46,RHT.N,NFX.N,GRMN.O
47,AVY.N,ILMN.O,BF_B.N
48,CTAS.O,PKI.N,NFX.N
49,EW.N,INTU.O,FLS.N
50,IQV.N,XEC.N,COO.N
51,TSS.N,MNST.O,MNST.O
52,FL.N,IFF.N,COG.N
53,IFF.N,SWKS.O,AKAM.O
54,SWKS.O,FL.N,IFF.N
55,ILMN.O,JBHT.O,SWKS.O
56,JBHT.O,VAR.N,CLX.N
57,VAR.N,KEYS.N,JBHT.O
58,INFO.O,CHRW.O,CHRW.O
59,KEYS.N,UAA.N,ADSK.O
60,CHRW.O,UA.N,INTU.O
61,MSCI.N,AMD.O,KORS.N
62,AMD.O,RMD.N,UA.N
63,LEG.N,TTWO.O,UAA.N
64,UAA.N,MSCI.N,FL.N
65,UA.N,LEG.N,TTWO.O
66,HRB.N,VRTX.O,LEG.N
67,ANSS.O,AOS.N,VRTX.O
68,CMG.N,BR.N,AMD.O
69,AOS.N,ANSS.O,RMD.N
70,TTWO.O,EXPD.O,MSCI.N
71,EXPD.O,HRB.N,AOS.N
72,KORS.N,TSCO.O,VAR.N
73,FAST.O,FAST.O,BR.N
74,VRTX.O,FLIR.O,HRB.N
75,FLIR.O,ULTA.O,EXPD.O
76,TSCO.O,KORS.N,ANSS.O
77,BR.N,IT.N,VRSN.O
78,VRSN.O,VRSN.O,FAST.O
79,CDNS.O,FFIV.O,ULTA.O
80,FFIV.O,ALLE.N,TSCO.O
81,ALLE.N,TRIP.O,FLIR.O
82,ULTA.O,MTD.N,MTD.N
83,RMD.N,FTNT.O,ALLE.N
84,IT.N,CDNS.O,FFIV.O
85,TRIP.O,CMG.N,ANET.N
86,MTD.N,JKHY.O,CDNS.O
87,JKHY.O,IPGP.O,IPGP.O
88,CPRT.O,RHI.N,INCY.O
89,FTNT.O,ANET.N,TRIP.O
90,RHI.N,CPRT.O,FTNT.O
91,IDXX.O,INCY.O,CMG.N
92,IPGP.O,IDXX.O,CPRT.O
93,ANET.N,ALGN.O,JKHY.O
94,ALGN.O,ROL.N,RHI.N
95,INCY.O,NKTR.O,ALGN.O
96,ROL.N,ABMD.O,IDXX.O
97,NKTR.O,CBOE.BAT,ROL.N
98,ABMD.O,BHF.O,ABMD.O
99,CBOE.BAT,FTI.N,NKTR.O
