,2016,2017,2018
0,JPM.N,JPM.N,JPM.N
1,BAC.N,BAC.N,BAC.N
2,WFC.N,WFC.N,WFC.N
3,C.N,C.N,C.N
4,MET.N,MET.N,GS.N
5,GS.N,GS.N,MS.N
6,MS.N,MS.N,PRU.N
7,PRU.N,PRU.N,MET.N
8,BRK_B.N,BRK_B.N,BRK_B.N
9,AIG.N,AIG.N,AIG.N
10,GE.N,USB.N,USB.N
11,USB.N,T.N,T.N
12,T.N,PNC.N,PNC.N
13,BK.N,GE.N,GE.N
14,PNC.N,COF.N,AAPL.O
15,XOM.N,BK.N,BK.N
16,COF.N,XOM.N,COF.N
17,AAPL.O,AAPL.O,XOM.N
18,CVX.N,LNC.N,LNC.N
19,LNC.N,CVX.N,F.N
20,STT.N,VZ.N,VZ.N
21,VZ.N,STT.N,PFG.O
22,HIG.N,F.N,CVX.N
23,BLK.N,PFG.O,SCHW.N
24,F.N,HIG.N,MSFT.O
25,PFG.O,SCHW.N,STT.N
26,BBT.N,GM.N,HIG.N
27,WMT.N,BLK.N,BHF.O
28,GM.N,BBT.N,BBT.N
29,STI.N,STI.N,BLK.N
30,SCHW.N,WMT.N,GM.N
31,MSFT.O,MSFT.O,STI.N
32,PFE.N,CMCSA.O,WMT.N
33,CMCSA.O,PFE.N,GOOGL.O
34,AXP.N,GOOG.O,GOOG.O
35,GOOGL.O,GOOGL.O,DWDP.N
36,GOOG.O,CB.N,CMCSA.O
37,AMP.N,AXP.N,AXP.N
38,FITB.O,CFG.N,PFE.N
39,CFG.N,CHTR.O,CB.N
40,AGN.N,FITB.O,JNJ.N
41,JNJ.N,JNJ.N,CFG.N
42,PG.N,AMP.N,AMP.N
43,RF.N,KEY.N,CHTR.O
44,KHC.O,ORCL.N,FITB.O
45,MTB.N,DUK.N,UNH.N
46,DUK.N,AFL.N,NTRS.O
47,AFL.N,AGN.N,DUK.N
48,NTRS.O,PG.N,KEY.N
49,CSCO.O,RF.N,ORCL.N
50,ORCL.N,NTRS.O,AFL.N
51,UNH.N,MTB.N,AMZN.O
52,IBM.N,UNH.N,CSCO.O
53,HPQ.N,CSCO.O,IBM.N
54,ALL.N,KHC.O,RF.N
55,INTC.O,IBM.N,INTC.O
56,CB.N,EXC.N,PG.N
57,MRK.N,INTC.O,KHC.O
58,TRV.N,SO.N,MTB.N
59,MDT.N,ALL.N,AGN.N
60,COP.N,TRV.N,EXC.N
61,EXC.N,MDT.N,ALL.N
62,KEY.N,HBAN.O,SO.N
63,BA.N,MRK.N,HBAN.O
64,CVS.N,CVS.N,TRV.N
65,KO.N,DFS.N,DFS.N
66,DIS.N,DIS.N,NEE.N
67,UTX.N,SYF.N,UTX.N
68,DFS.N,BA.N,SYF.N
69,SYF.N,NEE.N,DIS.N
70,KMI.N,COP.N,CVS.N
71,NEE.N,UTX.N,BA.N
72,HPE.N,KO.N,MDT.N
73,CAT.N,AMZN.O,KO.N
74,SO.N,ICE.N,MRK.N
75,ICE.N,KMI.N,FB.O
76,L.N,HPE.N,AMGN.O
77,CMA.N,DWDP.N,PEP.O
78,AMGN.O,SLB.N,L.N
79,HBAN.O,AMGN.O,KMI.N
80,PEP.O,L.N,ICE.N
81,WBA.O,CAT.N,CAT.N
82,SLB.N,PEP.O,D.N
83,CME.O,CMA.N,ABT.N
84,AMZN.O,WBA.O,CME.O
85,PCG.N,D.N,CTL.N
86,MDLZ.O,CME.O,COP.N
87,ANTM.N,AET.N,SLB.N
88,AEP.N,PCG.N,CMA.N
89,UNM.N,ABBV.N,ABBV.N
90,ZION.O,ANTM.N,ANTM.N
91,D.N,FB.O,GILD.O
92,DE.N,V.N,PCG.N
93,CI.N,AEP.N,V.N
94,MCK.N,JCI.N,ZION.O
95,UNP.N,ZION.O,WBA.O
96,AET.N,UNM.N,DE.N
97,ESRX.O,MDLZ.O,QCOM.O
98,DAL.N,MCK.N,AEP.N
99,ABBV.N,CI.N,UNM.N
