,2016,2017,2018
0,WDC.O,HST.N,ADS.N
1,A.N,CTXS.O,MCD.N
2,HES.N,HCP.N,MO.N
3,CFG.N,MCHP.O,GPC.N
4,DISCK.O,GWW.N,MLM.N
5,DISCA.O,SWKS.O,MAS.N
6,ADSK.O,MSI.N,NOV.N
7,CTL.N,COTY.N,ULTA.O
8,JCI.N,WHR.N,IDXX.O
9,ROK.N,VRSK.O,FE.N
10,FE.N,FAST.O,GWW.N
11,DVN.N,BBY.N,DGX.N
12,NCLH.N,XRAY.O,ETFC.O
13,EFX.N,TDG.N,MKC.N
14,SBAC.O,LH.N,CMS.N
15,FLT.N,ADS.N,EMN.N
16,PFG.O,FE.N,CTXS.O
17,PH.N,ETR.N,BLL.N
18,L.N,FLT.N,GPS.N
19,HSIC.O,BLL.N,DVA.N
20,VRSK.O,TXT.N,COG.N
21,AGN.N,CTL.N,ARNC.N
22,AMGN.O,XEC.N,AMGN.O
23,O.N,AWK.N,NLSN.N
24,GPC.N,SBAC.O,TIF.N
25,MGM.N,WRK.N,RJF.N
26,NUE.N,DGX.N,PNR.N
27,VMC.N,HRS.N,NDAQ.O
28,AME.N,AEE.N,FMC.N
29,LRCX.O,DVA.N,SNPS.O
30,NOV.N,CINF.O,JBHT.O
31,GWW.N,AAP.N,VIAB.O
32,LH.N,RHT.N,TPR.N
33,MAC.N,IVZ.N,LKQ.O
34,RF.N,KLAC.O,CHD.N
35,TRIP.O,HSIC.O,ANSS.O
36,TDG.N,CTAS.O,TTWO.O
37,LNC.N,OKE.N,ARE.N
38,ETR.N,COL.N,CHRW.O
39,COL.N,KMX.N,SIVB.O
40,XLNX.O,SLB.N,UNM.N
41,BMY.N,MA.N,CINF.O
42,MO.N,PRGO.N,PRGO.N
43,UNH.N,UAA.N,XYL.N
44,CXO.N,UA.N,HCP.N
45,MSI.N,LLL.N,CNP.N
46,DHI.N,CMA.N,NCLH.N
47,FAST.O,MKC.N,WHR.N
48,ULTA.O,TWTR.N,IFF.N
49,NWL.N,CMS.N,RMD.N
50,UHS.N,DOV.N,NVDA.O
51,CTXS.O,AKAM.O,HON.N
52,WRK.N,CHD.N,STX.O
53,CBRE.N,STX.O,DRI.N
54,HBI.N,AME.N,CDNS.O
55,HST.N,HOLX.O,HOLX.O
56,TXT.N,NDAQ.O,REG.O
57,TSCO.O,EMN.N,XEC.N
58,WHR.N,AMGN.O,KMX.N
59,SLG.N,MMM.N,EXPD.O
60,DLR.N,KHC.O,IPGP.O
61,CHD.N,ABBV.N,AJG.N
62,KEY.N,MCD.N,MAA.N
63,AAP.N,UPS.N,AMG.N
64,MA.N,MTD.N,MSCI.N
65,MDT.N,M.N,PKG.N
66,CVS.N,ALK.N,HAS.O
67,MCD.N,CMG.N,VRSN.O
68,NKE.N,SLG.N,GRMN.O
69,M.N,JBHT.O,IT.N
70,WAT.N,COG.N,EXR.N
71,STX.O,WAT.N,AKAM.O
72,EXR.N,JNPR.N,MDT.N
73,HOLX.O,KIM.N,UNP.N
74,KIM.N,DISCA.O,AVGO.O
75,MKC.N,DISCK.O,TXN.O
76,KLAC.O,CBRE.N,UPS.N
77,HRS.N,CNP.N,UTX.N
78,XRX.N,GPN.N,NKE.N
79,AWK.N,WU.N,BMY.N
80,JNPR.N,IDXX.O,HSIC.O
81,KMX.N,AMD.O,KSU.N
82,AEE.N,SCG.N,BWA.N
83,BBY.N,MAS.N,UHS.N
84,BLL.N,CHRW.O,JNPR.N
85,SRCL.O,UHS.N,HII.N
86,DGX.N,HOG.N,COO.N
87,FRT.N,MOS.N,BR.N
88,ALK.N,FRT.N,PVH.N
89,LEN.N,UNM.N,AOS.N
90,CMS.N,DHI.N,TMK.N
91,DWDP.N,PNR.N,FBHS.N
92,BHF.O,MAC.N,UDR.N
93,ARNC.N,NKTR.O,VAR.N
94,FTV.N,BHGE.N,ZION.O
95,BHGE.N,EVRG.N,ROL.N
96,EVRG.N,BHF.O,AVY.N
97,DXC.N,DWDP.N,IRM.N
98,UA.N,LIN.N,LIN.N
99,LIN.N,DXC.N,EVRG.N
