,2016,2017,2018
0,BA.N,MDT.N,ABT.N
1,ABBV.N,BMY.N,ACN.N
2,CELG.O,QCOM.O,GS.N
3,LLY.N,BA.N,MS.N
4,WBA.O,GS.N,QCOM.O
5,MMM.N,GILD.O,KHC.O
6,EMN.N,UTX.N,CAT.N
7,SNA.N,TSCO.O,GILD.O
8,GPS.N,SNA.N,SLB.N
9,CTAS.O,RJF.N,LLY.N
10,UDR.N,TPR.N,LMT.N
11,TIF.N,LEN.N,CPRT.O
12,MOS.N,UDR.N,SNA.N
13,FBHS.N,EXR.N,CF.N
14,CINF.O,NTAP.O,AMD.O
15,VRSN.O,HAS.O,SLG.N
16,IFF.N,ALB.N,LNT.N
17,NDAQ.O,NCLH.N,PHM.N
18,NEM.N,CNC.N,DRE.N
19,CF.N,TIF.N,FRT.N
20,DOV.N,EXPD.O,KORS.N
21,BWA.N,ETFC.O,NWSA.O
22,MCHP.O,FFIV.O,NWS.O
23,IPG.N,LKQ.O,PNW.N
24,RL.N,MAT.O,JEF.N
25,MAS.N,DRE.N,NKTR.O
26,LLL.N,FL.N,TSCO.O
27,AKAM.O,IFF.N,JEC.N
28,MAT.O,IPG.N,MAC.N
29,MTD.N,AJG.N,KSS.N
30,JWN.N,GRMN.O,RE.N
31,TSS.N,KSU.N,HFC.N
32,TPR.N,DRI.N,ALK.N
33,LKQ.O,TSS.N,JKHY.O
34,KSS.N,CELG.O,NRG.N
35,SBUX.O,WBA.O,MOS.N
36,KHC.O,HON.N,USB.N
37,SLB.N,USB.N,PYPL.O
38,UPS.N,UNP.N,AAPL.O
39,UTX.N,NKE.N,AXP.N
40,WU.N,CVS.N,ADBE.O
41,PNR.N,LLY.N,BKNG.O
42,FL.N,SBUX.O,CHTR.O
43,AMG.N,GPS.N,NFLX.O
44,CHRW.O,SIVB.O,BLK.N
45,WLTW.O,URI.N,CELG.O
46,MLM.N,XYL.N,COST.O
47,HBAN.O,XRX.N,SBUX.O
48,SEE.N,RE.N,WCG.N
49,GT.O,SNPS.O,SEE.N
50,SCG.N,ARE.N,WU.N
51,COTY.N,WYNN.O,NI.N
52,ETFC.O,ZION.O,HOG.N
53,XRAY.O,SEE.N,QRVO.O
54,MRO.N,TMK.N,RL.N
55,XEC.N,RMD.N,ABMD.O
56,FCX.N,KSS.N,DISCK.O
57,HAS.O,PNW.N,DISCA.O
58,HOG.N,LNT.N,FFIV.O
59,JBHT.O,IRM.N,CMG.N
60,GPN.N,HII.N,PKI.N
61,RJF.N,COO.N,LOW.N
62,EXPD.O,BWA.N,TMO.N
63,IQV.N,VAR.N,CRM.N
64,DRI.N,HP.N,NEE.N
65,ANSS.O,JEF.N,CVS.N
66,KSU.N,IT.N,GOOG.O
67,UNM.N,JWN.N,GOOGL.O
68,HON.N,FBHS.N,WBA.O
69,GS.N,AOS.N,GT.O
70,QCOM.O,HBI.N,JWN.N
71,USB.N,ARNC.N,IPG.N
72,AIG.N,GT.O,KEYS.N
73,COST.O,NFX.N,KIM.N
74,MDLZ.O,FTI.N,M.N
75,CNC.N,ANSS.O,HBI.N
76,CNP.N,MS.N,FTNT.O
77,NWS.O,AGN.N,ALLE.N
78,NWSA.O,CHTR.O,XRX.N
79,HRB.N,ACN.N,AAP.N
80,VAR.N,LMT.N,FLR.N
81,RE.N,TXN.O,AES.N
82,NTAP.O,BKNG.O,BHF.O
83,RMD.N,AVGO.O,HP.N
84,IT.N,COST.O,SCHW.N
85,CMA.N,PKG.N,PNC.N
86,COG.N,AMG.N,CB.N
87,MSCI.N,VRSN.O,BIIB.O
88,DRE.N,BR.N,FDX.N
89,AJG.N,ALGN.O,CL.N
90,QRVO.O,AES.N,MSFT.O
91,HFC.N,FMC.N,COP.N
92,KORS.N,RL.N,DHR.N
93,PNW.N,MSCI.N,MDLZ.O
94,LNT.N,MAA.N,FOX.O
95,GRMN.O,ROL.N,FOXA.O
96,WYNN.O,CF.N,EOG.N
97,LOW.N,FLR.N,AMT.N
98,ACN.N,CDNS.O,GD.N
99,AXP.N,REG.O,RHI.N
