,2016,2017,2018
0,VLO.N,NEM.N,M.N
1,ANTM.N,JEC.N,KSS.N
2,ETN.N,MTB.N,MAA.N
3,PLD.N,ETFC.O,NEM.N
4,PNW.N,IVZ.N,IVZ.N
5,CINF.O,JCI.N,REG.O
6,PEG.N,XRAY.O,ED.N
7,KHC.O,PRGO.N,QRVO.O
8,AEE.N,STT.N,JCI.N
9,WDC.O,ED.N,MYL.O
10,ETFC.O,WLTW.O,MTB.N
11,AFL.N,WFC.N,PFG.O
12,GM.N,PFG.O,ETR.N
13,ED.N,SLG.N,HP.N
14,CME.O,PWR.N,WELL.N
15,HBAN.O,HBAN.O,EIX.N
16,STT.N,F.N,WFC.N
17,TRV.N,ANTM.N,CINF.O
18,PFG.O,VLO.N,HBAN.O
19,PHM.N,CMA.N,GT.O
20,CCL.N,HCP.N,PWR.N
21,ETR.N,CVX.N,CVX.N
22,PVH.N,DHI.N,DWDP.N
23,COP.N,ADM.N,KHC.O
24,CB.N,GLW.N,JPM.N
25,HFC.N,PVH.N,COTY.N
26,ALL.N,LEN.N,AFL.N
27,QRVO.O,KEY.N,TRV.N
28,BK.N,TRV.N,WRK.N
29,MU.O,ALL.N,KEY.N
30,DUK.N,BBT.N,SLG.N
31,ADM.N,BK.N,NBL.N
32,BBT.N,QRVO.O,F.N
33,JEC.N,JPM.N,BK.N
34,XRX.N,PNC.N,KIM.N
35,HP.N,KMI.N,PNC.N
36,GLW.N,DUK.N,DISCA.O
37,DVN.N,FITB.O,BBT.N
38,PNC.N,WRK.N,CCL.N
39,NBL.N,ETR.N,FITB.O
40,AIZ.N,PHM.N,DUK.N
41,JPM.N,NRG.N,ZION.O
42,CVX.N,CB.N,DISCK.O
43,FITB.O,EXC.N,XRX.N
44,FE.N,ZION.O,GM.N
45,PBCT.O,GS.N,CTL.N
46,KEY.N,AFL.N,STI.N
47,RE.N,HFC.N,EXC.N
48,MOS.N,PBCT.O,MS.N
49,WRK.N,CCL.N,CB.N
50,EXC.N,HPE.N,AIZ.N
51,GS.N,GM.N,UNM.N
52,STI.N,AIZ.N,TAP.N
53,PWR.N,STI.N,GS.N
54,CMA.N,FE.N,ADM.N
55,CTL.N,MS.N,RF.N
56,HIG.N,RE.N,BAC.N
57,KMI.N,UNM.N,MRO.N
58,UNM.N,RF.N,PCG.N
59,MS.N,MOS.N,NWL.N
60,PRU.N,HES.N,PBCT.O
61,LNC.N,HIG.N,HIG.N
62,ZION.O,XRX.N,HES.N
63,NEM.N,NOV.N,KMI.N
64,COF.N,CTL.N,RE.N
65,HPE.N,AGN.N,FTI.N
66,RF.N,LNC.N,CFG.N
67,FCX.N,CFG.N,LNC.N
68,HPQ.N,BAC.N,SCG.N
69,MET.N,COF.N,HPE.N
70,BAC.N,L.N,NOV.N
71,AIG.N,JEF.N,PRU.N
72,C.N,C.N,COF.N
73,CFG.N,PRU.N,C.N
74,NWS.O,BRK_B.N,MET.N
75,L.N,MRO.N,JEF.N
76,NOV.N,MET.N,MOS.N
77,NWSA.O,AIG.N,NWS.O
78,BRK_B.N,ARNC.N,L.N
79,HES.N,NWS.O,NWSA.O
80,JEF.N,NWSA.O,BRK_B.N
81,MRO.N,HCA.N,AGN.N
82,NRG.N,HPQ.N,AIG.N
83,HCA.N,VRSN.O,BHF.O
84,MAR.O,SBAC.O,YUM.N
85,AMD.O,HRB.N,HCA.N
86,SBAC.O,PM.N,TDG.N
87,VRSN.O,AZO.N,SBAC.O
88,PM.N,YUM.N,VRSN.O
89,TDG.N,LB.N,HPQ.N
90,AZO.N,TDG.N,AZO.N
91,IQV.N,MSI.N,HRB.N
92,MSI.N,NKTR.O,PM.N
93,WYNN.O,MCO.N,LB.N
94,MCO.N,IQV.N,MSI.N
95,LB.N,MCD.N,MCD.N
96,IT.N,WYNN.O,MCO.N
97,MAS.N,MAS.N,MAS.N
98,IDXX.O,CL.N,IDXX.O
99,HRB.N,IT.N,CL.N
