,2016,2017,2018
0,KMB.N,IDXX.O,ADSK.O
1,ALLE.N,KMB.N,KMB.N
2,CHTR.O,SPGI.N,BA.N
3,CL.N,OKE.N,NKTR.O
4,INCY.O,COTY.N,HD.N
5,CLX.N,CLX.N,UPS.N
6,NKTR.O,INCY.O,WYNN.O
7,UPS.N,BA.N,SPGI.N
8,SPGI.N,MO.N,LMT.N
9,MO.N,ALLE.N,INTU.O
10,KLAC.O,UPS.N,ORLY.O
11,ABC.N,LMT.N,CLX.N
12,VRTX.O,INTU.O,MSCI.N
13,AMZN.O,HD.N,MTD.N
14,SHW.N,AMD.O,HSY.N
15,INTU.O,HSY.N,NFLX.O
16,LMT.N,MTD.N,MA.N
17,NFLX.O,NFLX.O,ABBV.N
18,HD.N,CBOE.BAT,AMZN.O
19,HSY.N,AMZN.O,VRTX.O
20,CBOE.BAT,MA.N,ALLE.N
21,SEE.N,VRTX.O,AMD.O
22,ABBV.N,ZTS.N,NVDA.O
23,ZTS.N,CELG.O,HLT.N
24,CELG.O,SEE.N,ZTS.N
25,MA.N,KLAC.O,BF_B.N
26,REGN.O,ABBV.N,ROL.N
27,YUM.N,SHW.N,ALGN.O
28,MTD.N,ADSK.O,SBUX.O
29,SBUX.O,ORLY.O,RHT.N
30,ILMN.O,SBUX.O,SYY.N
31,VZ.N,BF_B.N,SHW.N
32,BA.N,MSCI.N,SPG.N
33,BF_B.N,ROL.N,ABMD.O
34,SPG.N,ABMD.O,LOW.N
35,MCD.N,PAYX.O,ADP.O
36,EQIX.O,K.N,IT.N
37,OKE.N,PEP.O,PEP.O
38,ORLY.O,SPG.N,PAYX.O
39,ABMD.O,CPB.N,WU.N
40,ACN.N,TJX.N,K.N
41,CPB.N,ULTA.O,SEE.N
42,UAA.N,ADP.O,CDNS.O
43,RHT.N,NVDA.O,FISV.O
44,CRM.N,VZ.N,MMM.N
45,TJX.N,ACN.N,ITW.N
46,ROL.N,SYY.N,INCY.O
47,PEP.O,RHT.N,ANET.N
48,GPN.N,ROST.O,KLAC.O
49,APTV.N,JWN.N,MO.N
50,PAYX.O,LOW.N,ILMN.O
51,BLL.N,IBM.N,MAR.O
52,IBM.N,VRSK.O,ROST.O
53,VRSK.O,FISV.O,ACN.N
54,COTY.N,ITW.N,TJX.N
55,K.N,MMM.N,ADBE.O
56,IRM.N,NFX.N,BR.N
57,TRIP.O,ROK.N,EL.N
58,EL.N,OMC.N,ABC.N
59,DISH.O,REGN.O,STX.O
60,HBI.N,ILMN.O,ROK.N
61,ROST.O,CHRW.O,MNST.O
62,ADS.N,ABC.N,VRSK.O
63,TSCO.O,FFIV.O,AMT.N
64,ULTA.O,ALGN.O,TXN.O
65,AVGO.O,CPRT.O,JWN.N
66,PSA.N,JBHT.O,CHRW.O
67,ADP.O,CDNS.O,AVY.N
68,LOW.N,PSA.N,KO.N
69,GILD.O,EL.N,ADS.N
70,NKE.N,WU.N,JKHY.O
71,ADSK.O,CMG.N,V.N
72,CHRW.O,BR.N,NKE.N
73,EXPE.O,MNST.O,CPB.N
74,BMY.N,EW.N,JBHT.O
75,MMM.N,ADS.N,TTWO.O
76,BKNG.O,STX.O,ULTA.O
77,ANET.N,BKNG.O,FTNT.O
78,OMC.N,TTWO.O,CPRT.O
79,FB.O,FTV.N,CRM.N
80,FISV.O,GIS.N,CELG.O
81,KO.N,APTV.N,ISRG.O
82,AAL.O,JKHY.O,NOC.N
83,EW.N,FAST.O,VZ.N
84,BR.N,NOC.N,CBS.N
85,EA.O,TXN.O,FAST.O
86,FTNT.O,CRM.N,NRG.N
87,JBHT.O,HBI.N,GWW.N
88,ADBE.O,MSFT.O,EW.N
89,WU.N,KO.N,VFC.N
90,FAST.O,ADBE.O,PSA.N
91,ITW.N,NKE.N,COST.O
92,NWL.N,TSCO.O,EA.O
93,ALGN.O,GWW.N,MSFT.O
94,COST.O,ANET.N,FTV.N
95,MSCI.N,AMT.N,IBM.N
96,JWN.N,MKC.N,FB.O
97,KR.N,UAA.N,WM.N
98,MNST.O,EA.O,APTV.N
99,COL.N,FTNT.O,IFF.N
