,2016,2017,2018
0,ATVI.O,WFC.N,AJG.N
1,VZ.N,BLK.N,FL.N
2,BMY.N,HST.N,APD.N
3,DHR.N,A.N,PNC.N
4,T.N,RJF.N,PYPL.O
5,ALL.N,KSS.N,MDLZ.O
6,FITB.O,PNR.N,LNT.N
7,SCHW.N,ATVI.O,ABBV.N
8,SIVB.O,SRE.N,HBAN.O
9,XRAY.O,NTRS.O,AMZN.O
10,PFE.N,T.N,PHM.N
11,RL.N,WEC.N,CCL.N
12,VNO.N,SIVB.O,CXO.N
13,A.N,SCG.N,WFC.N
14,HBAN.O,UNM.N,TAP.N
15,LNT.N,MLM.N,PLD.N
16,MOS.N,XEL.O,XOM.N
17,WY.N,AVB.N,PPL.N
18,PHM.N,COO.N,AEP.N
19,ABMD.O,NUE.N,UNM.N
20,MAC.N,STT.N,CMS.N
21,ADM.N,HPE.N,LEN.N
22,AMT.N,PKI.N,SYK.N
23,AKAM.O,NDAQ.O,NLSN.N
24,SBAC.O,INFO.O,XEL.O
25,ALB.N,CMG.N,CF.N
26,BXP.N,WRK.N,PRGO.N
27,PKI.N,NWSA.O,HPE.N
28,UNM.N,NWS.O,JEF.N
29,ALXN.O,IQV.N,SLG.N
30,NEM.N,JEF.N,DWDP.N
31,ZBH.N,MET.N,BSX.N
32,L.N,AES.N,ALB.N
33,GE.N,EVRG.N,SRCL.O
34,PRGO.N,BHGE.N,CRM.N
35,FTNT.O,GPN.N,ABT.N
36,HRB.N,LIN.N,GM.N
37,KHC.O,FE.N,WAT.N
38,CXO.N,TDG.N,FTI.N
39,KMI.N,TWTR.N,MCK.N
40,DWDP.N,VRTX.O,KMI.N
41,DXC.N,WMB.N,IT.N
42,LIN.N,AVGO.O,BHGE.N
43,EVRG.N,CF.N,FLS.N
44,BHF.O,ADSK.O,EVRG.N
45,BHGE.N,EOG.N,LIN.N
46,WMB.N,HRB.N,AIG.N
47,APA.N,AZO.N,AZO.N
48,XEC.N,HPQ.N,MAS.N
49,MGM.N,PRGO.N,MAT.O
50,IQV.N,FCX.N,GE.N
51,AZO.N,HAL.N,HPQ.N
52,MSI.N,ETR.N,DISCA.O
53,VRTX.O,SYMC.O,DISCK.O
54,KMB.N,MSI.N,MRO.N
55,APC.N,DVN.N,NWS.O
56,PM.N,PM.N,NWSA.O
57,HCP.N,DXC.N,HAL.N
58,COG.N,HFC.N,AGN.N
59,LB.N,PXD.N,PM.N
60,CL.N,HES.N,IDXX.O
61,TDG.N,OXY.N,FE.N
62,NOV.N,SLB.N,COTY.N
63,HAL.N,HCA.N,APC.N
64,VRSN.O,NRG.N,SLB.N
65,EOG.N,VRSN.O,HES.N
66,OXY.N,SBAC.O,VRSN.O
67,BSX.N,JCI.N,HCA.N
68,AGN.N,RL.N,MCO.N
69,PXD.N,APC.N,SBAC.O
70,HCA.N,MCD.N,C.N
71,MAS.N,APA.N,FMC.N
72,NFX.N,ARNC.N,GLW.N
73,MAR.O,MCO.N,HP.N
74,NBL.N,IDXX.O,CL.N
75,IDXX.O,XEC.N,LMT.N
76,SYMC.O,MU.O,XRAY.O
77,NRG.N,NEM.N,TDG.N
78,ABC.N,KMB.N,YUM.N
79,DVN.N,CXO.N,AES.N
80,ADSK.O,NKTR.O,COP.N
81,ARNC.N,YUM.N,BHF.O
82,CNP.N,NOV.N,UA.N
83,WYNN.O,MAS.N,UAA.N
84,MCO.N,COG.N,SCG.N
85,FCX.N,FTI.N,TWTR.N
86,HES.N,LB.N,INCY.O
87,IT.N,NFX.N,MCD.N
88,TWTR.N,MRO.N,LB.N
89,MRO.N,AMD.O,EBAY.O
90,COP.N,NBL.N,NKTR.O
91,FMC.N,COP.N,NBL.N
92,ETR.N,ARE.N,HIG.N
93,PNR.N,AGN.N,LLY.N
94,TTWO.O,HP.N,NOV.N
95,NWS.O,CL.N,ARNC.N
96,NWSA.O,AIG.N,TRIP.O
97,NKTR.O,CAT.N,MOS.N
98,CRM.N,CVX.N,QRVO.O
99,QRVO.O,QRVO.O,NEM.N
