,2016,2017,2018
0,GILD.O,HSY.N,BK.N
1,IBM.N,LNT.N,ED.N
2,MRK.N,FLIR.O,PNW.N
3,GPN.N,ANTM.N,STT.N
4,JPM.N,SO.N,PVH.N
5,CINF.O,AKAM.O,DVN.N
6,AEP.N,MRK.N,HON.N
7,HRS.N,JPM.N,JPM.N
8,SJM.N,FITB.O,PNR.N
9,AJG.N,DTE.N,BLL.N
10,SRCL.O,PRU.N,DHR.N
11,CB.N,PYPL.O,CMA.N
12,AES.N,CNC.N,HBI.N
13,BDX.N,UDR.N,STI.N
14,EIX.N,TMO.N,HSY.N
15,RSG.N,DHR.N,ES.N
16,PNW.N,VMC.N,MSI.N
17,HIG.N,PNW.N,ETFC.O
18,XOM.N,AEE.N,TMO.N
19,BRK_B.N,BK.N,ADM.N
20,STT.N,ALL.N,AON.N
21,XEL.O,ICE.N,MTB.N
22,TMO.N,FLR.N,TRV.N
23,PNC.N,MTD.N,PCG.N
24,ED.N,UPS.N,KEY.N
25,EXR.N,MSCI.N,BMY.N
26,KLAC.O,DRE.N,MET.N
27,UAL.O,BXP.N,BDX.N
28,BA.N,ETFC.O,AVB.N
29,ADBE.O,ES.N,AVGO.O
30,PYPL.O,CHTR.O,ORCL.N
31,LH.N,ED.N,EXPE.O
32,EXC.N,MPC.N,WHR.N
33,MYL.O,SJM.N,PWR.N
34,HP.N,CB.N,GOOGL.O
35,ICE.N,PNC.N,GOOG.O
36,KEY.N,GS.N,IRM.N
37,ES.N,BRK_B.N,CFG.N
38,COF.N,CINF.O,HST.N
39,LNC.N,DLR.N,BBT.N
40,FB.O,SNPS.O,JCI.N
41,AEE.N,LNC.N,QCOM.O
42,EQR.N,FLS.N,WYNN.O
43,BK.N,BBT.N,MSCI.N
44,DTE.N,PLD.N,INTU.O
45,RCL.N,NI.N,MA.N
46,STI.N,MDT.N,BXP.N
47,MS.N,SEE.N,BAX.N
48,CBOE.BAT,MA.N,MS.N
49,OKE.N,GILD.O,KIM.N
50,NTAP.O,AAL.O,AMGN.O
51,HST.N,TRIP.O,HCP.N
52,GT.O,MTB.N,MCHP.O
53,MET.N,RSG.N,RF.N
54,C.N,STI.N,ZION.O
55,AWK.N,COF.N,CB.N
56,BBT.N,MS.N,GT.O
57,NDAQ.O,PCG.N,PXD.N
58,COO.N,PCAR.O,DUK.N
59,AVB.N,BLL.N,AEE.N
60,WEC.N,CME.O,ADI.O
61,CCL.N,ADM.N,AMD.O
62,CCI.N,SRCL.O,OKE.N
63,INFO.O,WELL.N,VZ.N
64,HPE.N,AWK.N,KLAC.O
65,REG.O,KIM.N,MTD.N
66,SNPS.O,INTU.O,ALLE.N
67,GLW.N,EBAY.O,MO.N
68,MLM.N,ABC.N,CBS.N
69,JEC.N,IBM.N,HLT.N
70,DUK.N,ORLY.O,MRK.N
71,GS.N,LYB.N,ESS.N
72,JWN.N,SHW.N,WRK.N
73,LYB.N,NFLX.O,BAC.N
74,BF_B.N,RF.N,KO.N
75,MCD.N,PSX.N,JEC.N
76,SEE.N,HBAN.O,AKAM.O
77,MA.N,EXPE.O,JNPR.N
78,ALLE.N,PEG.N,WY.N
79,MTD.N,BAC.N,AWK.N
80,CMA.N,TTWO.O,OXY.N
81,WCG.N,ESS.N,PKI.N
82,FIS.N,C.N,CVX.N
83,EQIX.O,MDLZ.O,MDT.N
84,MDT.N,HCP.N,L.N
85,MTB.N,REG.O,HD.N
86,DLR.N,KHC.O,LOW.N
87,LLL.N,DUK.N,K.N
88,DLTR.O,ZION.O,STX.O
89,RF.N,CMA.N,LYB.N
90,HOLX.O,VTR.N,BF_B.N
91,CTL.N,BA.N,CPB.N
92,BAC.N,BAX.N,SBUX.O
93,CME.O,CBOE.BAT,TJX.N
94,WELL.N,VZ.N,SPG.N
95,SPGI.N,PEP.O,DRE.N
96,WU.N,ZTS.N,CTL.N
97,CHTR.O,ACN.N,EIX.N
98,STX.O,OMC.N,EQR.N
99,VIAB.O,BHF.O,FLIR.O
